{
  "name": "homogeneous-rr",
  "measure": "RR",
  "studies": [
    {
      "id": "h01",
      "label": "Homog 01",
      "data": {
        "kind": "binary",
        "counts": {
          "e1": 10,
          "n1": 100,
          "e2": 20,
          "n2": 100
        }
      }
    },
    {
      "id": "h02",
      "label": "Homog 02",
      "data": {
        "kind": "binary",
        "counts": {
          "e1": 21,
          "n1": 200,
          "e2": 41,
          "n2": 200
        }
      }
    }
  ],
  "expected": {
    "studies": [
      {
        "id": "h01",
        "label": "Homog 01",
        "y": -0.6931471805599453,
        "se": 0.36055512754639896,
        "ciLow": -1.3998222449921327,
        "ciHigh": 0.013527883872242241,
        "display": {
          "estimate": 0.5,
          "ciLow": 0.24664080168294558,
          "ciHigh": 1.013619799701157
        },
        "weightFixedPct": 32.29494314057585,
        "weightRandomPct": 32.29494314057585
      },
      {
        "id": "h02",
        "label": "Homog 02",
        "y": -0.6690496289808848,
        "se": 0.24901664908492896,
        "ciLow": -1.1571132927381946,
        "ciHigh": -0.18098596522357507,
        "display": {
          "estimate": 0.5121951219512195,
          "ciLow": 0.3143924311276954,
          "ciHigh": 0.8344470698916717
        },
        "weightFixedPct": 67.70505685942415,
        "weightRandomPct": 67.70505685942415
      }
    ],
    "excludedIds": [],
    "fixed": {
      "y": -0.6768319195616133,
      "se": 0.2048985751115625,
      "ciLow": -1.078425747263851,
      "ciHigh": -0.27523809185937564,
      "display": {
        "estimate": 0.5082245408257281,
        "ciLow": 0.34013055585626084,
        "ciHigh": 0.7593912968133224
      },
      "z": -3.3032534227878063,
      "p": 0.0009556997683781513
    },
    "random": {
      "y": -0.6768319195616133,
      "se": 0.2048985751115625,
      "ciLow": -1.078425747263851,
      "ciHigh": -0.27523809185937564,
      "display": {
        "estimate": 0.5082245408257281,
        "ciLow": 0.34013055585626084,
        "ciHigh": 0.7593912968133224
      },
      "z": -3.3032534227878063,
      "p": 0.0009556997683781513
    },
    "heterogeneity": {
      "q": 0.0030242911033318267,
      "df": 1,
      "p": 0.9561435983038808,
      "i2": 0.0,
      "tau2": 0.0
    }
  }
}
