{
  "kind": "egger",
  "ys": [
    0.1,
    0.15,
    0.22,
    0.35,
    0.48,
    0.6,
    0.55,
    0.75
  ],
  "ses": [
    0.08,
    0.1,
    0.14,
    0.2,
    0.28,
    0.35,
    0.4,
    0.45
  ],
  "expected": {
    "intercept": 1.7373431403071242,
    "interceptSe": 0.1015416738096286,
    "t": 17.109656312779652,
    "p": 2.551059128144487e-06,
    "k": 8
  }
}
