{
  "name": "single-study-rr",
  "measure": "RR",
  "studies": [
    {
      "id": "s01",
      "label": "Single 01",
      "data": {
        "kind": "binary",
        "counts": {
          "e1": 7,
          "n1": 50,
          "e2": 14,
          "n2": 52
        }
      }
    }
  ],
  "expected": {
    "studies": [
      {
        "id": "s01",
        "label": "Single 01",
        "y": -0.6539264674066637,
        "se": 0.4183956800146783,
        "ciLow": -1.473966931522578,
        "ciHigh": 0.16611399670925064,
        "display": {
          "estimate": 0.5200000000000001,
          "ciLow": 0.2290151932583026,
          "ciHigh": 1.1807076908431149
        },
        "weightFixedPct": 100.0,
        "weightRandomPct": 100.0
      }
    ],
    "excludedIds": [],
    "fixed": {
      "y": -0.6539264674066637,
      "se": 0.4183956800146783,
      "ciLow": -1.473966931522578,
      "ciHigh": 0.16611399670925064,
      "display": {
        "estimate": 0.5200000000000001,
        "ciLow": 0.2290151932583026,
        "ciHigh": 1.1807076908431149
      },
      "z": -1.5629379045780836,
      "p": 0.11806720100554645
    },
    "random": {
      "y": -0.6539264674066637,
      "se": 0.4183956800146783,
      "ciLow": -1.473966931522578,
      "ciHigh": 0.16611399670925064,
      "display": {
        "estimate": 0.5200000000000001,
        "ciLow": 0.2290151932583026,
        "ciHigh": 1.1807076908431149
      },
      "z": -1.5629379045780836,
      "p": 0.11806720100554645
    },
    "heterogeneity": null
  }
}
